ID,views
0,41427.895
1,13287.467
2,38292.246
3,83778.69
4,37143.98
5,64232.984
6,64193.87
7,18444.895
8,33759.598
9,18952.846
10,46493.195
11,65566.58
12,102678.266
13,49303.844
14,47450.37
15,100415.766
16,52075.19
17,37132.832
18,82170.7
19,87963.36
20,12343.836
21,68012.555
22,83700.55
23,29278.498
24,84454.375
25,44857.19
26,69746.56
27,71297.516
28,74055.81
29,67713.1
30,55807.19
31,13903.735
32,57007.64
33,65717.375
34,30292.852
35,28649.057
36,62515.95
37,18727.646
38,12021.35
39,69550.195
40,70358.43
41,21727.057
42,60482.957
43,3302.7495
44,90563.94
45,35829.465
46,31276.082
47,40874.887
48,2261.2715
49,15442.391
50,6062.0415
51,17479.832
52,34679.97
53,90561.42
54,36113.008
55,51711.55
56,1943.4302
57,4228.127
58,83716.61
59,67281.14
60,36570.49
61,64297.152
62,59250.82
63,37715.348
64,16528.873
65,5676.9707
66,57336.574
67,59168.293
68,56377.64
69,76895.13
70,78854.984
71,19669.521
72,58528.285
73,56381.73
74,21146.1
75,54753.867
76,57461.46
77,33629.62
78,83513.97
79,93029.88
80,10006.875
81,21203.385
82,22239.373
83,27943.686
84,63940.645
85,64574.777
86,1703.228
87,53713.01
88,15341.854
89,66930.18
90,56472.434
91,52217.62
92,55208.855
93,46600.348
94,58655.65
95,80366.25
96,107024.08
97,41721.56
98,19011.912
99,53069.863
100,6690.4126
101,94598.67
102,81931.38
103,67872.91
104,74984.12
105,16320.403
106,56732.793
107,69061.92
108,72169.125
109,15924.365
110,59151.727
111,71642.875
112,59897.73
113,42614.168
114,59113.28
115,71101.37
116,70461.37
117,23294.932
118,3593.0688
119,30200.803
120,68361.53
121,10288.066
122,61774.902
123,94435.04
124,47098.02
125,65476.223
126,66569.53
127,90023.49
128,33282.105
129,60356.676
130,10265.789
131,22104.69
132,78707.59
133,50840.39
134,68551.7
135,80853.59
136,57651.62
137,80080.14
138,16898.467
139,6127.138
140,32324.877
141,6527.429
142,64891.812
143,44948.63
144,66142.16
145,87024.53
146,16901.281
147,44581.16
148,97884.53
149,40832.527
150,79124.19
151,49255.55
152,48328.09
153,5319.974
154,10291.552
155,29577.03
156,45047.406
157,70331.0
158,7777.7964
159,14744.604
160,13697.443
161,75849.2
162,81792.72
163,53881.496
164,7681.585
165,59014.516
166,63652.574
167,22803.244
168,74757.5
169,67930.03
170,60740.465
171,52414.51
172,72085.875
173,37334.824
174,30409.773
175,3479.3552
176,55796.95
177,32865.684
178,2293.4272
179,49890.49
180,85448.75
181,676.4085
182,60333.72
183,15118.383
184,55284.105
185,54177.176
186,29005.979
187,7487.5464
188,35755.223
189,48327.96
190,76030.83
191,84934.945
192,63398.418
193,67276.7
194,15423.324
195,18756.572
196,18853.924
197,55249.266
198,22378.666
199,49057.24
200,79724.09
201,63079.316
202,65979.84
203,30800.686
204,52297.082
205,36670.09
206,52297.574
207,22603.873
208,79993.32
209,63569.625
210,4203.8267
211,51421.3
212,88382.42
213,125472.695
214,31295.97
215,80053.24
216,55407.773
217,17159.787
218,2523.477
219,35616.395
220,12451.328
221,80346.59
222,62419.195
223,48396.906
224,1808.7247
225,3967.8662
226,55661.355
227,41119.465
228,58571.457
229,10945.255
230,22976.654
231,47761.785
232,4947.564
233,50239.375
234,89492.28
235,85362.016
236,2245.4082
237,18149.877
238,4777.6587
239,50616.7
240,8221.116
241,83467.44
242,46567.242
243,56434.73
244,33322.254
245,88384.375
246,16983.826
247,85075.52
248,80852.89
249,49365.33
250,108349.36
251,50533.223
252,7901.863
253,19273.512
254,21710.727
255,66470.76
256,90124.59
257,49488.99
258,42737.246
259,20567.63
260,12595.525
261,42072.58
262,31693.223
263,44367.438
264,86273.66
265,71686.64
266,91035.125
267,32974.97
268,82501.53
269,56336.85
270,74697.17
271,29484.107
272,86281.34
273,43746.375
274,53417.504
275,36445.027
276,73979.25
277,2118.372
278,80217.25
279,86219.61
280,67249.19
281,69351.91
282,74767.56
283,54712.285
284,31084.377
285,40730.56
286,84551.16
287,88376.516
288,44948.152
289,91625.55
290,92321.42
291,55568.81
292,53092.81
293,23421.703
294,49622.164
295,42919.363
296,39595.3
297,53499.605
298,69576.45
299,76882.46
300,56317.12
301,70795.53
302,46205.277
303,32489.312
304,111014.695
305,4087.1235
306,74365.55
307,2918.6711
308,12078.23
309,67765.24
310,93833.14
311,68290.56
312,119348.7
313,78888.44
314,48946.473
315,83909.44
316,46953.13
317,25324.168
318,81392.45
319,79762.7
320,19629.941
321,22000.627
322,8965.799
323,821.0497
324,51166.48
325,77583.94
326,89107.0
327,51991.254
328,67110.34
329,27200.787
330,27836.527
331,73326.23
332,72250.09
333,32177.781
334,46799.113
335,42232.395
336,59139.09
337,53370.3
338,3210.059
339,90729.375
340,1666.0009
341,6490.0435
342,100800.234
343,68548.4
344,55225.49
345,62628.5
346,49793.832
347,62050.27
348,44295.535
349,39536.84
350,43895.008
351,17460.662
352,64838.504
353,6068.229
354,62845.035
355,101852.84
356,80635.734
357,57965.254
358,40583.613
359,24125.748
360,112838.14
361,72595.625
362,46270.41
363,67602.734
364,57466.074
365,55228.19
366,26514.814
367,64057.7
368,5931.2603
369,88306.945
370,36040.82
371,44964.152
372,74358.34
373,99902.42
374,70497.4
375,26819.354
376,70308.05
377,49279.277
378,6354.4077
379,21405.455
380,45536.215
381,80259.94
382,68773.5
383,67017.29
384,66121.05
385,43166.473
386,111542.73
387,92128.72
388,7919.585
389,56570.71
390,76124.64
391,65969.25
392,17666.256
393,115077.07
394,62619.754
395,34337.652
396,80124.32
397,4895.9526
398,66580.97
399,88391.94
400,1384.9355
401,28837.748
402,36872.258
403,27692.957
404,4595.851
405,69041.875
406,11372.885
407,47150.77
408,54556.77
409,84627.55
410,31741.451
411,66738.98
412,43117.44
413,11625.2
414,60586.85
415,16899.928
416,64454.387
417,62559.355
418,82814.375
419,57822.02
420,840.07104
421,59336.562
422,27378.564
423,37892.848
424,50897.56
425,76354.22
426,56989.26
427,65651.83
428,49406.797
429,74939.58
430,83308.33
431,55561.605
432,96640.086
433,35606.906
434,103656.2
435,7992.2812
436,35278.66
437,76551.19
438,83448.11
439,60693.918
440,16955.076
441,17875.217
442,32243.547
443,94472.29
444,70840.03
445,86154.72
446,47398.184
447,127585.81
448,34113.12
449,48223.395
450,67189.484
451,29047.459
452,83873.32
453,56453.824
454,40320.17
455,29167.535
456,101893.75
457,31084.307
458,15845.016
459,54716.35
460,48170.137
461,82641.234
462,40456.23
463,2463.6206
464,65553.29
465,70253.49
466,36010.1
467,93401.06
468,43695.035
469,72172.695
470,16991.182
471,83900.93
472,60036.33
473,41729.68
474,40441.13
475,79439.72
476,70660.2
477,99361.45
478,20238.186
479,34333.66
480,78584.86
481,41728.434
482,75761.74
483,52605.49
484,50926.285
485,79117.28
486,17204.432
487,19267.18
488,82119.17
489,59966.723
490,11800.664
491,10257.211
492,64395.81
493,84564.52
494,27305.736
495,47733.45
496,4601.4146
497,50020.5
498,86179.766
499,37719.645
500,40534.332
501,59025.344
502,84650.875
503,80165.44
504,18969.113
505,56505.62
506,73183.19
507,89955.67
508,8594.437
509,102659.48
510,35667.645
511,76569.87
512,68975.09
513,33084.836
514,26208.479
515,27702.473
516,58532.254
517,41281.027
518,53956.57
519,97529.28
520,50733.76
521,97102.78
522,34536.383
523,87106.39
524,35258.918
525,7054.9155
526,30185.63
527,5267.14
528,51130.38
529,87853.09
530,51878.3
531,71351.14
532,77377.58
533,16572.25
534,65327.94
535,27720.51
536,87569.45
537,25712.227
538,90753.74
539,20634.725
540,81267.25
541,17063.352
542,71467.21
543,40715.645
544,71562.02
545,90474.984
546,90251.68
547,53384.56
548,52889.453
549,84173.72
550,60334.83
551,52319.312
552,58308.605
553,33125.414
554,67732.1
555,67835.6
556,7561.397
557,84889.41
558,55633.473
559,42879.83
560,62509.87
561,42800.465
562,29985.324
563,111739.4
564,57599.902
565,24984.959
566,28477.959
567,29214.182
568,76724.36
569,72511.875
570,84718.84
571,62981.48
572,87965.875
573,89414.67
574,41328.17
575,69943.34
576,70574.01
577,78764.32
578,36867.773
579,56765.473
580,69931.836
581,59432.062
582,69884.586
583,35517.375
584,65114.812
585,111613.45
586,40791.816
587,31709.879
588,11621.474
589,68674.05
590,5924.3096
591,2488.2915
592,99848.34
593,24217.154
594,99503.56
595,68840.14
596,35712.734
597,40901.19
598,66443.34
599,16068.6
600,43759.645
601,72574.69
602,67343.484
603,45620.08
604,4193.6753
605,87138.77
606,70744.33
607,21380.586
608,69129.31
609,74076.65
610,32443.627
611,62549.258
612,46300.26
613,56008.688
614,4635.5923
615,81363.44
616,41132.76
617,75936.94
618,53574.668
619,61302.973
620,85543.18
621,5742.021
622,67507.53
623,81319.53
624,31133.574
625,11574.037
626,17769.55
627,7096.485
628,58496.965
629,26216.293
630,53002.258
631,45992.99
632,60461.418
633,57059.363
634,80262.484
635,13505.641
636,24353.584
637,15856.882
638,8840.537
639,42487.16
640,68257.234
641,57235.04
642,41507.582
643,1463.9429
644,74414.87
645,19836.146
646,38350.297
647,17473.445
648,2045.0652
649,1595.0367
650,70243.64
651,86145.65
652,17590.127
653,60530.844
654,55197.73
655,34613.066
656,49585.184
657,5170.9146
658,20135.643
659,29878.107
660,43890.46
661,91036.83
662,11859.871
663,5383.852
664,36432.91
665,35619.18
666,25774.709
667,48791.297
668,3410.0432
669,23894.352
670,71458.56
671,68006.69
672,62883.684
673,42265.957
674,55332.992
675,98950.61
676,55528.043
677,7216.3203
678,78812.305
679,44909.36
680,96186.72
681,64957.137
682,51611.99
683,3317.602
684,41116.81
685,25675.164
686,82885.83
687,56490.34
688,51229.902
689,60186.832
690,51470.426
691,23598.193
692,44669.184
693,1424.7584
694,84468.836
695,83887.19
696,68379.09
697,66274.21
698,14829.607
699,83992.33
700,6077.018
701,73874.984
702,14395.2
703,15339.588
704,3246.2908
705,18515.639
706,71800.766
707,91535.66
708,66323.266
709,31841.494
710,77521.84
711,30807.389
712,64199.523
713,28761.072
714,76014.97
715,25341.045
716,56435.098
717,25299.72
718,42623.887
719,832.588
720,37209.78
721,4692.7554
722,69908.65
723,71964.266
724,17111.064
725,40831.387
726,65771.734
727,54039.56
728,5970.685
729,26619.66
730,99274.16
731,84486.7
732,54675.305
733,57144.574
734,31947.477
735,33384.684
736,7760.0474
737,13413.767
738,102312.94
739,74658.75
740,13129.403
741,42565.95
742,38815.79
743,48510.582
744,76248.39
745,5804.5894
746,82240.05
747,62388.332
748,68514.74
749,31071.83
750,8505.923
751,23593.076
752,72392.42
753,23241.596
754,65705.125
755,59036.09
756,86720.56
757,67152.016
758,84201.3
759,41805.19
760,37318.797
761,14485.6455
762,37384.895
763,4772.1006
764,99114.125
765,62756.152
766,116375.125
767,52766.723
768,78699.78
769,73777.25
770,24255.568
771,71443.86
772,48374.44
773,77862.586
774,57623.098
775,35250.816
776,6409.027
777,53712.824
778,39569.926
779,68192.83
780,29033.943
781,3057.4072
782,34045.363
783,31145.893
784,3844.2988
785,80433.35
786,86612.61
787,69071.13
788,5142.063
789,49998.473
790,73989.125
791,36805.234
792,65862.375
793,48234.74
794,86448.4
795,86399.43
796,77932.28
797,26643.924
798,29132.857
799,49814.63
800,83113.64
801,97213.75
802,1804.7043
803,69672.72
804,24747.857
805,58309.215
806,77084.76
807,34179.617
808,67306.59
809,20308.092
810,16802.303
811,46806.34
812,75421.55
813,86137.58
814,16039.553
815,8906.559
816,26021.252
817,30357.287
818,25515.139
819,49248.406
820,16187.699
821,22001.373
822,76614.5
823,10328.443
824,92725.34
825,103600.45
826,84520.59
827,10973.439
828,14120.58
829,29231.568
830,44058.195
831,95907.39
832,47656.504
833,62529.984
834,11261.211
835,27910.934
836,27925.857
837,6588.5815
838,55765.55
839,105680.06
840,42136.676
841,44964.1
842,60819.297
843,35188.73
844,47008.895
845,43936.4
846,88578.56
847,9415.771
848,66844.45
849,55059.246
850,9956.418
851,81627.3
852,106390.27
853,55040.27
854,10464.724
855,12105.079
856,63003.69
857,57108.83
858,18883.818
859,22524.361
860,53677.973
861,92381.95
862,43248.58
863,25526.738
864,16880.623
865,93944.016
866,12418.082
867,96732.13
868,57756.574
869,81929.88
870,27157.664
871,54442.06
872,59593.516
873,69994.91
874,64391.098
875,42448.77
876,13008.447
877,34300.605
878,44244.652
879,33091.605
880,35815.938
881,96283.73
882,3053.0662
883,51560.69
884,81712.13
885,87295.2
886,19010.928
887,12798.709
888,42340.94
889,95003.05
890,70237.48
891,30940.238
892,43584.69
893,40154.535
894,58851.508
895,50523.48
896,10855.363
897,69956.95
898,37013.305
899,49387.082
900,69708.36
901,63341.19
902,70985.22
903,27552.936
904,18833.314
905,25033.254
906,95205.016
907,48056.633
908,16712.922
909,48711.957
910,7593.1567
911,8092.3594
912,62712.574
913,33737.137
914,49892.668
915,58423.465
916,17427.496
917,58030.895
918,50714.27
919,81322.516
920,83101.53
921,86138.47
922,49200.87
923,25086.691
924,54186.434
925,123919.914
926,62151.285
927,47742.754
928,19644.74
929,34237.652
930,82649.1
931,19560.111
932,102039.85
933,45858.195
934,61841.75
935,18343.709
936,47517.035
937,58397.31
938,92934.49
939,26919.38
940,3181.8728
941,80180.58
942,19888.932
943,3951.2812
944,6948.8364
945,81843.59
946,5423.6235
947,17709.166
948,75362.914
949,57294.37
950,60937.3
951,31164.656
952,34983.574
953,72921.4
954,122188.97
955,58278.234
956,88064.984
957,81855.89
958,64693.902
959,15651.566
960,10641.125
961,90669.06
962,96520.49
963,41867.777
964,78172.11
965,40785.527
966,23116.807
967,90665.28
968,62326.824
969,89750.12
970,97883.68
971,44730.332
972,50820.56
973,34025.434
974,9853.98
975,69999.64
976,55135.543
977,8021.486
978,40638.844
979,60816.016
980,98677.19
981,33511.797
982,3381.3477
983,95171.89
984,47666.492
985,46182.34
986,92492.016
987,57325.98
988,18076.916
989,63849.49
990,47090.043
991,8934.871
992,13759.62
993,73117.016
994,61842.293
995,61909.27
996,60495.074
997,90470.36
998,95112.15
999,89135.91
1000,43417.64
1001,95816.15
1002,17367.81
1003,18714.465
1004,55788.234
1005,83228.16
1006,77772.61
1007,26948.088
1008,49336.45
1009,7538.139
1010,64048.723
1011,52417.996
1012,26917.28
1013,50984.715
1014,17693.393
1015,9027.359
1016,62218.688
1017,50132.69
1018,101821.516
1019,76055.16
1020,105874.72
1021,7280.7456
1022,56904.85
1023,39163.836
1024,16856.234
1025,27855.646
1026,60095.06
1027,44003.785
1028,55020.79
1029,25743.146
1030,37826.26
1031,62104.934
1032,76577.33
1033,87525.16
1034,32275.963
1035,98668.39
1036,51117.21
1037,77866.53
1038,48282.895
1039,56166.785
1040,65053.35
1041,5750.532
1042,3798.8545
1043,57357.535
1044,20769.822
1045,92529.69
1046,80181.95
1047,6290.584
1048,85070.14
1049,80624.766
1050,58237.375
1051,21702.33
1052,38962.55
1053,63174.49
1054,2566.474
1055,71822.83
1056,78274.555
1057,58322.684
1058,61742.777
1059,92194.0
1060,52084.03
1061,70808.25
1062,93627.34
1063,89656.875
1064,56767.332
1065,60971.473
1066,10632.167
1067,72681.94
1068,4813.11
1069,63385.98
1070,3057.724
1071,32663.342
1072,21151.592
1073,71450.36
1074,22416.182
1075,122820.836
1076,58428.934
1077,51909.27
1078,74095.14
1079,56973.156
1080,70104.81
1081,71356.14
1082,12367.818
1083,15102.029
1084,108110.9
1085,9837.031
1086,29798.174
1087,55716.617
1088,20546.543
1089,19194.912
1090,99297.49
1091,86281.0
1092,65689.6
1093,42313.945
1094,103737.18
1095,92942.2
1096,73626.59
1097,41537.746
1098,24424.99
1099,64419.2
1100,15501.082
1101,32817.996
1102,79050.64
1103,43772.113
1104,10831.697
1105,80424.09
1106,38257.56
1107,78878.97
1108,58909.45
1109,92968.06
1110,87880.17
1111,43893.805
1112,20213.238
1113,47033.39
1114,45710.285
1115,91949.59
1116,3958.538
1117,27840.703
1118,55841.44
1119,81522.51
1120,47742.19
1121,37230.863
1122,98984.83
1123,63177.41
1124,54151.246
1125,42023.332
1126,26965.85
1127,40868.137
1128,45601.188
1129,35246.49
1130,79028.78
1131,87100.17
1132,13341.887
1133,56654.777
1134,77017.94
1135,62842.87
1136,65215.7
1137,13213.398
1138,88816.516
1139,38581.707
1140,28754.729
1141,48684.035
1142,52643.723
1143,113102.5
1144,80956.5
1145,62328.06
1146,41726.215
1147,34536.77
1148,59390.043
1149,54145.766
1150,74770.53
1151,78879.57
1152,55083.27
1153,26231.514
1154,39705.285
1155,55815.7
1156,51061.55
1157,81325.04
1158,34659.168
1159,61724.285
1160,21572.854
1161,113091.7
1162,63537.902
1163,105113.83
1164,73694.96
1165,53322.336
1166,19722.867
1167,22440.727
1168,50647.895
1169,78483.86
1170,32846.48
1171,82364.11
1172,26834.797
1173,49082.785
1174,57167.54
1175,27372.682
1176,91071.305
1177,31180.158
1178,59960.777
1179,60327.523
1180,5707.6113
1181,37813.062
1182,82665.59
1183,60544.34
1184,56694.605
1185,41831.953
1186,81396.05
1187,18342.846
1188,79691.37
1189,20715.412
1190,32442.084
1191,36351.117
1192,100379.375
1193,116602.06
1194,49269.254
1195,48652.027
1196,80906.22
1197,42494.035
1198,60951.67
1199,46037.047
1200,51252.41
1201,75354.54
1202,67828.08
1203,52023.242
1204,90739.75
1205,4265.028
1206,68199.59
1207,69101.484
1208,95211.86
1209,54390.73
1210,48293.445
1211,11440.81
1212,39561.715
1213,51864.66
1214,60959.19
1215,56725.11
1216,5032.4653
1217,68566.484
1218,56244.348
1219,70856.05
1220,30848.994
1221,13473.018
1222,56915.637
1223,23508.209
1224,80035.805
1225,81441.44
1226,62849.387
1227,37468.023
1228,22702.41
1229,69729.17
1230,64701.496
1231,9399.675
1232,5327.7095
1233,51351.453
1234,32731.375
1235,29582.389
1236,22211.254
1237,22475.37
1238,11825.648
1239,37579.01
1240,36704.48
1241,44403.02
1242,4666.3794
1243,42843.11
1244,22990.08
1245,297.22705
1246,19358.146
1247,68872.53
1248,65893.266
1249,12369.141
1250,47973.293
1251,49952.926
1252,54877.293
1253,45085.215
1254,70638.33
1255,6109.2856
1256,62408.22
1257,3041.2583
1258,11679.19
1259,3739.1023
1260,38436.168
1261,48078.13
1262,64047.34
1263,3242.9233
1264,11691.296
1265,11660.016
1266,73930.03
1267,42894.527
1268,16629.35
1269,46748.95
1270,63805.707
1271,99690.29
1272,56270.887
1273,61786.13
1274,100148.78
1275,90870.89
1276,49727.434
1277,49552.496
1278,33475.645
1279,58394.082
1280,57298.266
1281,46110.97
1282,9180.9375
1283,15692.792
1284,2820.9814
1285,50920.582
1286,82343.91
1287,72884.97
1288,84710.34
1289,1729.5303
1290,42914.32
1291,91517.625
1292,73550.87
1293,48218.867
1294,15472.594
1295,56294.082
1296,50881.543
1297,10892.08
1298,74287.21
1299,52707.582
1300,42126.168
1301,48594.184
1302,39948.715
1303,33590.035
1304,10697.487
1305,57419.676
1306,8560.664
1307,66654.28
1308,1223.5927
1309,78229.97
1310,4269.0464
1311,4063.9246
1312,10217.894
1313,12833.399
1314,46378.598
1315,68662.7
1316,32960.12
1317,26242.06
1318,33308.68
1319,18655.742
1320,26538.16
1321,52197.906
1322,88969.086
1323,75856.15
1324,73940.5
1325,44690.617
1326,71498.0
1327,76004.27
1328,58209.098
1329,61884.13
1330,69687.5
1331,2330.2056
1332,9706.709
1333,84944.72
1334,31702.164
1335,19871.973
1336,41481.62
1337,43336.16
1338,54737.207
1339,28612.646
1340,44121.43
1341,80968.8
1342,74693.89
1343,96818.29
1344,12205.13
1345,69067.914
1346,47358.938
1347,49233.496
1348,78357.5
1349,27977.361
1350,77125.94
1351,15249.829
1352,30286.7
1353,39480.16
1354,118914.91
1355,77382.8
1356,41646.73
1357,44667.91
1358,30765.5
1359,10186.723
1360,61393.105
1361,58967.465
1362,49519.348
1363,58498.81
1364,66071.234
1365,76567.99
1366,99085.27
1367,36534.09
1368,65613.25
1369,855.4994
1370,71479.4
1371,60679.375
1372,27698.648
1373,81894.97
1374,67122.195
1375,60279.33
1376,9695.182
1377,79525.89
1378,37584.48
1379,50069.285
1380,52654.383
1381,10418.288
1382,96991.27
1383,6622.3633
1384,62293.723
1385,31634.48
1386,56565.336
1387,64335.434
1388,33604.777
1389,12767.91
1390,20381.604
1391,74245.375
1392,96789.766
1393,47313.598
1394,15075.391
1395,45263.57
1396,84380.055
1397,40654.332
1398,78402.1
1399,13597.986
1400,61570.8
1401,14098.099
1402,94837.98
1403,32862.992
1404,82567.086
1405,66943.92
1406,79637.22
1407,34195.09
1408,18467.994
1409,51140.242
1410,47789.516
1411,87062.61
1412,72959.78
1413,53239.637
1414,3626.277
1415,10483.448
1416,45409.434
1417,12795.801
1418,71134.555
1419,72913.64
1420,59101.36
1421,17202.014
1422,90371.53
1423,64675.504
1424,25652.541
1425,19771.682
1426,50940.41
1427,43268.297
1428,60040.754
1429,42796.582
1430,66115.266
1431,64468.01
1432,5934.769
1433,61238.195
1434,37992.055
1435,72581.92
1436,75398.58
1437,40918.33
1438,54405.348
1439,37323.37
1440,54827.895
1441,71677.31
1442,42375.1
1443,10773.078
1444,83959.31
1445,44273.45
1446,73164.92
1447,104116.016
1448,54149.113
1449,101019.94
1450,66133.984
1451,54920.26
1452,72622.97
1453,64823.65
1454,53568.027
1455,28039.697
1456,19160.568
1457,3871.44
1458,12171.449
1459,64753.85
1460,79409.69
1461,86568.95
1462,73010.484
1463,6128.4
1464,78781.95
1465,12124.369
1466,91322.73
1467,57991.06
1468,48585.508
1469,52062.855
1470,52553.05
1471,55697.098
1472,53485.855
1473,91076.95
1474,36871.098
1475,35993.24
1476,55767.074
1477,55793.535
1478,33637.113
1479,94585.15
1480,39878.44
1481,64344.555
1482,74803.47
1483,61764.73
1484,49621.254
1485,17998.85
1486,46453.96
1487,52025.508
1488,24065.273
1489,94835.6
1490,57199.754
1491,60410.03
1492,47650.605
1493,13740.219
1494,27801.588
1495,61495.137
1496,88962.01
1497,73468.016
1498,78352.19
1499,64088.695
1500,43446.74
1501,47811.473
1502,68668.03
1503,68199.336
1504,21560.49
1505,67892.016
1506,63611.793
1507,17821.842
1508,63886.207
1509,52690.45
1510,42565.246
1511,77867.16
1512,50314.316
1513,29343.07
1514,46278.54
1515,10936.7295
1516,93902.7
1517,42343.684
1518,21725.99
1519,18602.709
1520,52312.63
1521,93899.5
1522,7589.596
1523,82738.36
1524,35156.832
1525,11915.69
1526,23394.285
1527,75412.06
1528,57659.402
1529,63733.3
1530,73321.63
1531,55507.008
1532,3539.7026
1533,821.88385
1534,29909.592
1535,3565.3047
1536,89370.31
1537,37260.35
1538,18968.873
1539,47257.918
1540,3606.5933
1541,87024.266
1542,63678.746
1543,69903.34
1544,77791.68
1545,85006.31
1546,10799.393
1547,31166.162
1548,47431.105
1549,99316.97
1550,99544.266
1551,81195.51
1552,24901.88
1553,45509.668
1554,29772.684
1555,63676.176
1556,52454.812
1557,59295.516
1558,43276.2
1559,76317.3
1560,9111.345
1561,41474.387
1562,60555.707
1563,61306.875
1564,5725.557
1565,22375.303
1566,11714.064
1567,111957.305
1568,40064.402
1569,72776.914
1570,40641.38
1571,47598.99
1572,32288.53
1573,59886.05
1574,57032.69
1575,77447.75
1576,54049.85
1577,69586.62
1578,58656.836
1579,53284.645
1580,39811.902
1581,4939.6396
1582,58588.266
1583,53019.543
1584,48241.902
1585,64904.13
1586,48522.723
1587,88955.23
1588,48101.062
1589,20187.352
1590,106195.31
1591,64143.355
1592,114738.35
1593,81170.14
1594,4428.7236
1595,60963.77
1596,34573.48
1597,73795.2
1598,67626.52
1599,59071.434
1600,37908.984
1601,50207.137
1602,61563.77
1603,17615.402
1604,56005.52
1605,115410.3
1606,49650.098
1607,61621.74
1608,6764.02
1609,6101.6284
1610,26507.223
1611,76732.04
1612,54427.027
1613,26420.031
1614,87041.51
1615,2995.046
1616,108194.03
1617,119378.44
1618,10661.055
1619,27300.564
1620,22275.346
1621,49995.457
1622,11788.078
1623,87832.266
1624,75962.87
1625,23640.006
1626,10521.45
1627,58280.914
1628,35673.223
1629,17736.174
1630,64713.848
1631,61259.098
1632,42609.227
1633,83903.625
1634,45313.59
1635,27647.195
1636,81639.17
1637,71851.086
1638,20036.932
1639,76049.266
1640,41460.17
1641,52689.902
1642,56495.17
1643,105510.3
1644,75445.734
1645,67759.84
1646,54064.5
1647,60910.438
1648,39675.977
1649,28846.795
1650,21548.545
1651,19447.387
1652,7353.23
1653,22001.342
1654,78199.88
1655,40260.152
1656,83166.39
1657,19102.67
1658,89079.125
1659,61129.375
1660,57751.727
1661,42661.18
1662,63974.73
1663,28988.709
1664,4750.74
1665,22840.719
1666,22241.424
1667,11663.77
1668,68227.586
1669,15050.388
1670,43881.688
1671,59602.01
1672,73035.41
1673,74511.74
1674,63974.45
1675,19150.465
1676,68893.33
1677,22245.537
1678,46535.29
1679,40652.24
1680,4034.2979
1681,39229.414
1682,39049.12
1683,82229.97
1684,16078.027
1685,30892.656
1686,78139.836
1687,52844.77
1688,57716.574
1689,29850.732
1690,18243.076
1691,80049.13
1692,55693.598
1693,55642.773
1694,30442.37
1695,1175.735
1696,6459.807
1697,111119.484
1698,14361.897
1699,72053.65
1700,75952.016
1701,54975.293
1702,35163.26
1703,21348.205
1704,45668.8
1705,30390.402
1706,40834.973
1707,74930.234
1708,51623.94
1709,53487.246
1710,8313.182
1711,45022.387
1712,84419.375
1713,38787.88
1714,1640.6196
1715,68706.16
1716,70013.66
1717,76933.55
1718,82924.16
1719,1304.2174
1720,65619.61
1721,15733.844
1722,7012.1406
1723,113747.914
1724,42982.95
1725,110492.625
1726,34536.848
1727,4056.0159
1728,65929.57
1729,60836.992
1730,64092.195
1731,81007.42
1732,82849.22
1733,35575.0
1734,41777.97
1735,2544.6597
1736,24721.594
1737,2719.5503
1738,38046.117
1739,11815.0625
1740,4328.6187
1741,80618.06
1742,58105.793
1743,64364.19
1744,15070.012
1745,83284.35
1746,52205.74
1747,91893.195
1748,71920.266
1749,66518.55
1750,72257.09
1751,9563.107
1752,63649.4
1753,89144.75
1754,25316.104
1755,44473.855
1756,22522.38
1757,32400.17
1758,41154.086
1759,10343.221
1760,30785.486
1761,557.90894
1762,33679.8
1763,67485.89
1764,66806.59
1765,83543.56
1766,85125.49
1767,35632.703
1768,44629.746
1769,5645.262
1770,40404.043
1771,25662.025
1772,77539.125
1773,20085.822
1774,93728.6
1775,38042.42
1776,17333.229
1777,33419.863
1778,57180.496
1779,72720.58
1780,49140.863
1781,65303.184
1782,110991.89
1783,97631.36
1784,85587.53
1785,80447.03
1786,78653.81
1787,60454.273
1788,76794.39
1789,38036.363
1790,77598.914
1791,54817.812
1792,20069.13
1793,41888.184
1794,16190.477
1795,69070.78
1796,59770.875
1797,50483.625
1798,51620.73
1799,18746.393
1800,43970.24
1801,98979.18
1802,12157.23
1803,8852.189
1804,47486.207
1805,67523.78
1806,72812.75
1807,1576.1433
1808,10448.771
1809,12749.678
1810,39590.16
1811,4766.888
1812,3636.078
1813,64950.715
1814,60579.19
1815,81190.72
1816,49808.363
1817,86225.336
1818,29266.639
1819,76320.62
1820,65587.05
1821,64378.227
1822,63869.66
1823,82581.98
1824,80718.016
1825,123289.67
1826,59933.926
1827,41506.86
1828,55458.27
1829,61956.574
1830,62370.684
1831,86694.375
1832,5959.557
1833,60287.246
1834,45091.348
1835,75475.88
1836,12811.608
1837,15348.33
1838,68816.05
1839,85292.94
1840,72249.836
1841,49599.734
1842,28037.162
1843,6827.933
1844,74835.68
1845,24017.764
1846,17463.549
1847,108515.125
1848,98422.125
1849,84293.41
1850,104354.67
1851,54215.56
1852,103919.55
1853,73272.77
1854,132882.45
1855,8173.316
1856,84635.445
1857,6693.4297
1858,1173.1898
1859,17455.344
1860,77495.27
1861,583.06335
1862,29538.178
1863,73173.79
1864,45353.668
1865,79093.695
1866,58726.13
1867,30162.213
1868,15439.951
1869,27653.451
1870,95004.81
1871,3018.558
1872,41293.75
1873,4737.3135
1874,25054.387
1875,34452.008
1876,93965.266
1877,37934.277
1878,68838.516
1879,62355.56
1880,64241.168
1881,45199.62
1882,109350.65
1883,73381.71
1884,32362.357
1885,15352.37
1886,101201.64
1887,1115.1654
1888,51780.24
1889,1161.3987
1890,45580.8
1891,53853.246
1892,73171.61
1893,9516.903
1894,62448.227
1895,3449.0847
1896,16754.553
1897,17870.248
1898,60713.133
1899,67712.58
1900,69413.19
1901,93951.5
1902,85654.6
1903,38702.227
1904,53184.113
1905,51244.14
1906,45169.316
1907,86827.8
1908,85097.84
1909,78980.02
1910,30116.572
1911,71020.3
1912,51135.105
1913,43209.76
1914,55613.87
1915,12548.468
1916,73640.58
1917,44349.473
1918,65549.2
1919,80396.945
1920,90396.24
1921,18458.252
1922,68449.984
1923,6758.4917
1924,68785.42
1925,14202.506
1926,52029.754
1927,4176.924
1928,56090.77
1929,41399.38
1930,40399.477
1931,45980.324
1932,52758.81
1933,84403.03
1934,67129.56
1935,66792.445
1936,65980.59
1937,95530.58
1938,7720.547
1939,98603.47
1940,23230.643
1941,14088.92
1942,18520.791
1943,77019.97
1944,64827.785
1945,27733.95
1946,25579.197
1947,67255.0
1948,4416.9365
1949,58958.48
1950,89235.97
1951,59443.246
1952,17187.24
1953,5425.3433
1954,40424.457
1955,49511.34
1956,30029.723
1957,67057.83
1958,61551.387
1959,50342.07
1960,72545.1
1961,48337.125
1962,58002.867
1963,31899.76
1964,2182.8
1965,9878.795
1966,15957.232
1967,48632.574
1968,43851.242
1969,11117.669
1970,71309.4
1971,61629.51
1972,43069.855
1973,59537.246
1974,52509.766
1975,4122.4106
1976,89917.42
1977,2061.3901
1978,2758.7964
1979,68326.086
1980,11540.393
1981,51236.062
1982,50058.05
1983,80163.66
1984,86185.016
1985,55377.22
1986,10188.282
1987,56500.387
1988,110047.414
1989,37597.363
1990,52345.242
1991,36033.797
1992,94118.31
1993,52498.547
1994,13456.563
1995,55805.137
1996,2745.0388
1997,67985.39
1998,8813.006
1999,80748.37
2000,85323.484
2001,103687.1
2002,66712.984
2003,61608.81
2004,62009.125
2005,16946.762
2006,11690.723
2007,36153.574
2008,53668.473
2009,91706.41
2010,15407.148
2011,25659.861
2012,55508.97
2013,37446.293
2014,57437.406
2015,41957.574
2016,38944.027
2017,66061.28
2018,81783.76
2019,63055.285
2020,24486.252
2021,70461.2
2022,21844.918
2023,67186.016
2024,33274.684
2025,71243.21
2026,76633.56
2027,64388.258
2028,58262.902
2029,1932.3466
2030,42218.887
2031,95480.84
2032,57646.957
2033,37460.867
2034,93719.81
2035,74221.016
2036,4627.719
2037,114004.945
2038,25318.035
2039,35255.8
2040,44195.832
2041,49245.676
2042,4224.214
2043,56872.605
2044,50547.37
2045,87691.61
2046,34631.656
2047,34858.31
2048,60155.652
2049,71771.06
2050,88941.875
2051,12640.146
2052,99924.305
2053,22217.299
2054,84580.97
2055,51180.16
2056,54544.008
2057,14211.475
2058,50512.324
2059,20845.713
2060,50219.56
2061,71875.12
2062,86224.08
2063,9637.374
2064,20528.812
2065,51866.137
2066,95762.5
2067,105689.266
2068,35045.105
2069,103316.36
2070,7265.604
2071,55939.14
2072,17482.475
2073,41354.145
2074,42784.164
2075,65187.566
2076,47256.957
2077,74032.3
2078,81236.79
2079,79597.48
2080,51934.258
2081,87923.88
2082,110739.39
2083,46456.574
2084,55283.414
2085,88361.734
2086,102960.46
2087,95161.52
2088,84459.67
2089,61606.68
2090,58781.883
2091,66891.02
2092,32638.816
2093,62229.785
2094,26640.975
2095,139636.8
2096,39739.26
2097,119509.53
2098,80765.13
2099,29182.63
2100,19505.822
2101,16501.11
2102,4530.8457
2103,42437.72
2104,43068.465
2105,50576.723
2106,48752.734
2107,50265.863
2108,26287.914
2109,20377.115
2110,125788.79
2111,21456.682
2112,23572.725
2113,61563.215
2114,74033.37
2115,78839.5
2116,74481.07
2117,21745.65
2118,70149.83
2119,21909.01
2120,7503.099
2121,77133.19
2122,53223.973
2123,62524.387
2124,70760.41
2125,3039.8135
2126,94461.445
2127,29442.115
2128,82286.81
2129,21757.426
2130,91750.59
2131,109220.73
2132,96507.016
2133,94212.484
2134,72241.164
2135,44206.926
2136,36723.816
2137,64122.824
2138,82800.516
2139,28186.205
2140,10700.864
2141,20332.607
2142,29877.674
2143,65332.133
2144,29479.889
2145,53562.09
2146,25546.797
2147,64683.77
2148,49557.47
2149,46563.184
2150,80824.2
2151,98522.81
2152,70770.97
2153,70775.984
2154,76344.42
2155,21195.87
2156,20045.686
2157,55771.477
2158,34004.17
2159,5240.6475
2160,52882.723
2161,83381.5
2162,92258.71
2163,32675.541
2164,55112.246
2165,9769.705
2166,64718.652
2167,42197.523
2168,22571.588
2169,47926.297
2170,45654.55
2171,1824.2064
2172,81875.34
2173,42370.695
2174,60276.668
2175,32804.293
2176,64328.355
2177,73409.02
2178,4281.5005
2179,93306.69
2180,6523.021
2181,104064.07
2182,34929.754
2183,88151.89
2184,68042.11
2185,60126.676
2186,36900.56
2187,39779.324
2188,13110.674
2189,19632.338
2190,27173.648
2191,43684.793
2192,80321.32
2193,91995.66
2194,40891.395
2195,42133.105
2196,74687.25
2197,64516.902
2198,20409.389
2199,24665.145
2200,13572.176
2201,81757.3
2202,6346.5615
2203,84124.02
2204,22982.068
2205,29026.158
2206,80185.41
2207,15472.76
2208,65315.637
2209,100723.02
2210,3444.7664
2211,35246.332
2212,44048.004
2213,71230.81
2214,43106.285
2215,54262.426
2216,89658.94
2217,60056.99
2218,20372.193
2219,41261.746
2220,24762.396
2221,58594.027
2222,20733.53
2223,75415.875
2224,63197.355
2225,69268.63
2226,10265.478
2227,27496.33
2228,44761.645
2229,30173.318
2230,10269.364
2231,80076.43
2232,86606.875
2233,101128.75
2234,68789.81
2235,4416.1304
2236,55844.902
2237,101416.92
2238,49334.535
2239,104686.84
2240,63367.535
2241,45461.02
2242,7954.4536
2243,45005.734
2244,29155.467
2245,107568.7
2246,70009.53
2247,23210.611
2248,47295.605
2249,75708.23
2250,118214.83
2251,64480.81
2252,62790.98
2253,72851.33
2254,58339.992
2255,37478.71
2256,6250.919
2257,38029.105
2258,4343.2563
2259,61030.05
2260,86347.445
2261,87343.41
2262,6582.0093
2263,99094.53
2264,96852.92
2265,74115.44
2266,47275.184
2267,25195.225
2268,51081.45
2269,1262.8224
2270,58777.04
2271,41930.44
2272,27703.55
2273,66829.875
2274,4684.6387
2275,7854.271
2276,36083.25
2277,94840.28
2278,53325.82
2279,1084.0631
2280,71558.92
2281,43650.027
2282,16762.998
2283,84956.29
2284,39497.707
2285,54795.81
2286,617.30566
2287,54071.336
2288,44452.625
2289,86811.46
2290,49077.71
2291,27698.275
2292,79257.27
2293,73957.125
2294,32761.33
2295,102770.39
2296,4873.7144
2297,50932.324
2298,97278.016
2299,102810.81
2300,5276.472
2301,96273.92
2302,59777.86
2303,13188.443
2304,50399.81
2305,93025.28
2306,9107.121
2307,47163.52
2308,3884.8445
2309,71172.36
2310,58826.9
2311,67009.27
2312,40426.004
2313,72160.4
2314,39004.066
2315,27659.367
2316,83645.19
2317,52903.87
2318,51442.043
2319,7054.921
2320,23165.785
2321,103149.234
2322,61399.832
2323,1622.0074
2324,44086.535
2325,71525.87
2326,75510.75
2327,66621.84
2328,50204.89
2329,83477.91
2330,44593.68
2331,42788.797
2332,76993.266
2333,28972.979
2334,56326.67
2335,50240.74
2336,7110.2397
2337,23547.113
2338,16887.396
2339,8801.271
2340,95885.375
2341,82880.59
2342,1703.7247
2343,49422.066
2344,67883.484
2345,59722.79
2346,35788.676
2347,73248.445
2348,47260.37
2349,59762.7
2350,34846.484
2351,73898.81
2352,32746.076
2353,37204.605
2354,77824.53
2355,88640.56
2356,15112.559
2357,98705.58
2358,79445.414
2359,12966.33
2360,87835.34
2361,65397.195
2362,34988.44
2363,36715.2
2364,61573.055
2365,15328.38
2366,36310.027
2367,102750.984
2368,63716.945
2369,110611.21
2370,55422.605
2371,38619.254
2372,102920.39
2373,4304.5728
2374,10609.035
2375,55020.08
2376,44192.434
2377,14902.128
2378,67549.2
2379,17178.549
2380,15141.289
2381,41252.75
2382,4400.266
2383,18439.166
2384,94374.91
2385,36903.43
2386,57175.035
2387,78981.58
2388,9597.94
2389,55297.72
2390,4853.697
2391,22936.94
2392,53616.31
2393,63637.047
2394,64961.465
2395,13396.23
2396,23398.805
2397,83791.57
2398,59998.13
2399,50773.76
2400,1940.6549
2401,64707.37
2402,78066.13
2403,46171.215
2404,65397.1
2405,73042.73
2406,14238.214
2407,92857.7
2408,54176.324
2409,1497.9453
2410,55597.96
2411,4267.7104
2412,3163.7422
2413,79404.8
2414,49487.668
2415,5494.5415
2416,75520.47
2417,85756.59
2418,60187.895
2419,28730.03
2420,90441.69
2421,101443.38
2422,39662.145
2423,81335.2
2424,18409.918
2425,35794.48
2426,28772.139
2427,83011.766
2428,4414.7764
2429,59200.887
2430,10878.098
2431,6606.675
2432,89905.2
2433,58097.168
2434,12767.032
2435,47697.035
2436,73851.51
2437,24113.943
2438,35169.793
2439,59843.56
2440,38043.99
2441,33590.348
2442,43464.965
2443,90653.39
2444,42893.05
2445,8450.258
2446,81668.516
2447,68533.76
2448,17991.795
2449,40747.95
2450,22561.463
2451,74585.65
2452,53713.535
2453,109106.5
2454,60951.344
2455,33514.777
2456,9504.295
2457,85736.06
2458,50005.176
2459,53947.84
2460,65598.0
2461,57975.457
2462,61756.887
2463,96294.24
2464,69176.8
2465,87724.1
2466,56683.777
2467,78058.06
2468,81092.56
2469,85945.4
2470,84448.7
2471,118330.68
2472,53411.906
2473,39266.52
2474,32743.39
2475,14842.439
2476,23920.447
2477,91727.11
2478,49469.258
2479,40312.77
2480,123032.37
2481,15899.328
2482,72302.78
2483,59628.785
2484,43144.906
2485,89897.77
2486,83431.42
2487,81598.28
2488,53449.242
2489,80012.7
2490,25591.607
2491,48723.824
2492,20228.863
2493,53613.41
2494,81785.375
2495,59755.766
2496,38450.71
2497,62495.457
2498,81482.234
2499,70257.71
2500,75618.93
2501,39478.434
2502,48205.684
2503,63110.395
2504,73591.08
2505,93317.945
2506,55769.19
2507,80167.58
2508,52193.64
2509,32579.283
2510,65821.766
2511,52224.016
2512,74807.29
2513,40784.78
2514,40897.85
2515,56434.324
2516,36126.27
2517,4464.9946
2518,92745.94
2519,90461.1
2520,65990.52
2521,52447.52
2522,65666.31
2523,85658.445
2524,27269.76
2525,71151.09
2526,141007.81
2527,75950.25
2528,51979.594
2529,78716.234
2530,16075.984
2531,26032.621
2532,86852.55
2533,3611.1658
2534,55120.707
2535,84096.22
2536,38013.88
2537,78370.37
2538,97193.37
2539,57750.66
2540,42383.3
2541,25943.17
2542,21777.549
2543,12498.024
2544,35469.168
2545,86758.164
2546,74197.54
2547,89324.94
2548,38793.957
2549,12572.376
2550,560.7746
2551,87331.81
2552,3393.96
2553,27399.479
2554,28834.35
2555,17110.996
2556,50174.848
2557,39151.203
2558,18492.9
2559,17310.56
2560,50239.785
2561,60747.324
2562,53094.24
2563,87356.555
2564,38170.387
2565,47616.418
2566,6503.356
2567,34105.855
2568,42810.61
2569,24564.69
2570,57458.938
2571,74507.26
2572,93910.625
2573,71803.59
2574,53143.957
2575,19187.451
2576,70869.17
2577,19845.625
2578,25504.756
2579,2632.3242
2580,74220.34
2581,46899.4
2582,87975.82
2583,66896.586
2584,7172.808
2585,49288.7
2586,22377.615
2587,92168.0
2588,33179.414
2589,82594.72
2590,35614.445
2591,68091.66
2592,75491.25
2593,83535.63
2594,7069.975
2595,29471.11
2596,31299.918
2597,56392.21
2598,82214.555
2599,126664.14
2600,104675.055
2601,7859.97
2602,30636.92
2603,135391.89
2604,81505.125
2605,37517.168
2606,61665.504
2607,71702.234
2608,37525.918
2609,38780.02
2610,31957.654
2611,53356.242
2612,53308.62
2613,97438.016
2614,10891.748
2615,65557.33
2616,71750.3
2617,51922.875
2618,57070.793
2619,58601.676
2620,68848.66
2621,48419.266
2622,7073.142
2623,4986.829
2624,72306.87
2625,76669.484
2626,78052.28
2627,126137.07
2628,86844.5
2629,24884.379
2630,85653.984
2631,14107.306
2632,63520.64
2633,63074.496
2634,6476.473
2635,18260.965
2636,5805.853
2637,65501.402
2638,11927.52
2639,83029.12
2640,84056.72
2641,91406.75
2642,4474.276
2643,43399.33
2644,74050.92
2645,21044.432
2646,40045.508
2647,27244.463
2648,47312.59
2649,41216.0
2650,53000.62
2651,84803.64
2652,65551.36
2653,31028.76
2654,9986.305
2655,21890.809
2656,20504.924
2657,5956.5317
2658,62572.277
2659,69295.41
2660,38787.246
2661,11568.018
2662,38183.13
2663,63787.566
2664,70368.98
2665,75894.375
2666,72437.06
2667,38218.426
2668,18939.932
2669,20485.787
2670,53396.82
2671,35988.465
2672,22880.404
2673,62646.65
2674,60380.207
2675,54610.39
2676,68983.82
2677,10090.71
2678,94011.94
2679,44257.363
2680,109858.03
2681,66223.125
2682,38183.367
2683,30351.2
2684,34930.684
2685,61271.99
2686,11486.859
2687,34465.023
2688,9734.936
2689,1108.0536
2690,47022.56
2691,8374.047
2692,45971.746
2693,68465.26
2694,16699.432
2695,69144.87
2696,31226.23
2697,56644.754
2698,38145.76
2699,77380.33
2700,30192.422
2701,8457.059
2702,83751.93
2703,50660.27
2704,82388.03
2705,63286.258
2706,34603.457
2707,38439.516
2708,18992.531
2709,19051.033
2710,80651.95
2711,8124.4673
2712,46389.84
2713,57801.527
2714,46503.785
2715,69488.7
2716,15478.658
2717,3128.5066
2718,69954.58
2719,45401.832
2720,54365.785
2721,14510.993
2722,58671.62
2723,40477.99
2724,50512.934
2725,59272.12
2726,25472.305
2727,6852.0854
2728,54364.348
2729,77835.7
2730,51315.94
2731,10034.385
2732,50239.266
2733,48639.723
2734,61543.504
2735,74601.2
2736,56724.29
2737,32812.457
2738,8426.709
2739,71089.22
2740,40344.715
2741,8968.271
2742,54651.88
2743,24573.66
2744,50561.73
2745,101102.734
2746,75861.64
2747,38205.5
2748,54478.082
2749,6735.3447
2750,51763.773
2751,30254.064
2752,86202.19
2753,71815.78
2754,111658.125
2755,5840.7534
2756,16973.361
2757,43090.715
2758,52003.152
2759,10632.945
2760,92744.25
2761,50955.895
2762,48497.254
2763,93774.0
2764,51274.26
2765,83636.45
2766,8082.613
2767,76695.87
2768,94387.98
2769,38982.06
2770,39821.49
2771,28880.982
2772,3703.2495
2773,72440.25
2774,5746.6665
2775,81673.484
2776,17733.295
2777,98265.22
2778,100407.41
2779,5216.364
2780,4122.5015
2781,77093.08
2782,54090.48
2783,55854.426
2784,18705.924
2785,78248.94
2786,63764.18
2787,83701.664
2788,86795.664
2789,48966.258
2790,54863.062
2791,47384.62
2792,21178.967
2793,63954.32
2794,505.75778
2795,93726.46
2796,3308.2612
2797,78013.49
2798,98344.484
2799,64200.117
2800,69282.82
2801,37459.152
2802,72410.2
2803,59147.793
2804,14822.021
2805,55216.574
2806,117463.01
2807,62479.49
2808,90412.766
2809,71905.33
2810,31391.445
2811,78470.625
2812,34537.895
2813,55459.98
2814,50384.652
2815,84463.06
2816,20774.09
2817,38255.66
2818,82493.09
2819,10692.1875
2820,25873.059
2821,59581.676
2822,44061.94
2823,47411.766
2824,26586.158
2825,50830.965
2826,100515.8
2827,68570.96
2828,59150.44
2829,12890.867
2830,49576.62
2831,37473.168
2832,3495.2974
2833,80488.125
2834,111726.336
2835,60149.875
2836,83693.625
2837,106081.69
2838,15783.482
2839,37624.707
2840,9935.761
2841,101960.234
2842,48276.848
2843,3880.275
2844,79494.99
2845,7761.598
2846,2584.4897
2847,42720.457
2848,23897.533
2849,28248.703
2850,41356.652
2851,5737.7964
2852,1561.4877
2853,57083.23
2854,49561.707
2855,19930.4
2856,16186.107
2857,81048.33
2858,61297.176
2859,14826.377
2860,1594.8507
2861,37951.28
2862,75140.3
2863,102253.625
2864,15448.871
2865,33608.926
2866,28437.242
2867,24516.697
2868,56249.215
2869,64782.504
2870,13175.082
2871,14091.298
2872,42615.37
2873,12577.248
2874,56897.24
2875,79728.234
2876,68715.36
2877,62110.645
2878,89773.58
2879,105635.516
2880,88804.14
2881,81254.375
2882,14291.941
2883,4947.7964
2884,52752.105
2885,47744.066
2886,74678.27
2887,47613.348
2888,67923.64
2889,75130.39
2890,49851.496
2891,69464.84
2892,10329.922
2893,53195.082
2894,5971.6206
2895,104427.39
2896,45288.566
2897,30548.723
2898,85375.42
2899,16178.213
2900,70331.89
2901,19368.453
2902,53981.95
2903,79242.266
2904,73950.08
2905,43572.49
2906,73343.13
2907,13099.33
2908,9426.252
2909,45115.12
2910,20078.627
2911,29817.557
2912,39583.613
2913,40599.402
2914,94359.3
2915,60265.023
2916,53425.645
2917,77891.59
2918,45829.656
2919,59476.938
2920,16605.947
2921,22897.414
2922,17265.975
2923,23572.057
2924,33574.41
2925,79177.484
2926,89064.47
2927,62399.86
2928,39340.207
2929,12533.929
2930,38006.707
2931,18375.764
2932,60264.59
2933,41604.715
2934,65888.12
2935,32564.22
2936,48281.883
2937,54783.16
2938,87087.664
2939,8204.508
2940,87040.06
2941,94689.81
2942,56240.8
2943,37765.664
2944,67123.0
2945,64441.88
2946,30036.22
2947,76806.12
2948,75660.45
2949,60978.31
2950,9226.77
2951,42247.902
2952,37522.562
2953,59759.36
2954,83370.2
2955,73298.72
2956,52860.332
2957,82394.83
2958,40148.504
2959,26461.137
2960,59692.38
2961,13779.568
2962,97943.914
2963,17240.42
2964,47476.82
2965,62327.1
2966,27980.244
2967,73639.15
2968,52747.332
2969,65712.22
2970,91568.72
2971,61160.715
2972,34409.617
2973,50309.336
2974,26517.076
2975,16893.28
2976,104106.74
2977,33785.234
2978,1135.1923
2979,21697.123
2980,73507.46
2981,24619.055
2982,3802.3716
2983,31193.432
2984,53985.45
2985,50027.355
2986,42303.254
2987,84522.49
2988,75340.67
2989,32610.04
2990,63081.605
2991,97788.95
2992,82279.19
2993,74247.125
2994,88115.266
2995,71740.69
2996,48092.855
2997,40592.734
2998,10715.113
2999,76028.33
3000,41171.31
3001,73125.36
3002,15667.589
3003,29351.732
3004,55824.246
3005,67562.484
3006,60330.047
3007,84373.59
3008,4031.1675
3009,53630.848
3010,30927.16
3011,80988.21
3012,55148.754
3013,52060.926
3014,44830.56
3015,48692.2
3016,74784.78
3017,64701.195
3018,17012.834
3019,12499.934
3020,1061.7828
3021,74021.945
3022,12221.564
3023,80858.48
3024,56723.36
3025,64386.645
3026,85763.5
3027,748.85156
3028,4561.7593
3029,42547.62
3030,93550.37
3031,60715.113
3032,28966.85
3033,66552.05
3034,60283.207
3035,91527.39
3036,86466.32
3037,65612.94
3038,65859.73
3039,17997.473
3040,28958.318
3041,65455.465
3042,7866.8086
3043,81311.484
3044,46434.63
3045,22255.123
3046,33183.37
3047,27364.008
3048,104661.03
3049,7398.5527
3050,36274.848
3051,10766.484
3052,48425.8
3053,93753.32
3054,34527.41
3055,74592.76
3056,63759.277
3057,39450.707
3058,57113.555
3059,50769.33
3060,81081.27
3061,94156.3
3062,63095.664
3063,42573.785
3064,26338.756
3065,4315.2554
3066,39511.973
3067,87737.23
3068,70728.59
3069,76747.23
3070,100358.45
3071,25633.537
3072,677.00586
3073,39006.46
3074,31850.81
3075,54887.38
3076,55162.65
3077,13392.223
3078,81057.766
3079,67481.484
3080,49689.977
3081,1534.9349
3082,81701.61
3083,105135.53
3084,26452.66
3085,44279.887
3086,37646.473
3087,67101.36
3088,73624.59
3089,50054.293
3090,34226.066
3091,86486.78
3092,33863.2
3093,89778.37
3094,85409.75
3095,54216.652
3096,47494.547
3097,90941.66
3098,23797.244
3099,29986.91
3100,23752.166
3101,31408.406
3102,52647.76
3103,50046.785
3104,12423.418
3105,62310.254
3106,123328.61
3107,83959.54
3108,56154.152
3109,67016.29
3110,54297.688
3111,74845.91
3112,4374.344
3113,58065.09
3114,55653.797
3115,77151.875
3116,37273.965
3117,90335.414
3118,78744.89
3119,62127.36
3120,74273.11
3121,53760.668
3122,64691.1
3123,5893.721
3124,62714.05
3125,55101.29
3126,33689.0
3127,49543.88
3128,64723.38
3129,15622.27
3130,92827.85
3131,30302.443
3132,49703.727
3133,70637.84
3134,63617.395
3135,72767.94
3136,48533.625
3137,122187.78
3138,71962.53
3139,76203.375
3140,74005.83
3141,58879.37
3142,26818.377
3143,33445.27
3144,34193.77
3145,54126.582
3146,36502.773
3147,55005.2
3148,1805.6722
3149,62227.082
3150,87399.47
3151,88339.22
3152,54605.473
3153,46718.035
3154,46909.77
3155,61374.906
3156,108231.77
3157,40907.2
3158,65362.92
3159,8952.966
3160,71260.33
3161,63155.723
3162,45305.168
3163,48195.125
3164,94478.18
3165,9485.381
3166,12876.677
3167,35663.617
3168,4438.5303
3169,68119.83
3170,108967.86
3171,41363.06
3172,73259.69
3173,79974.65
3174,70601.016
3175,47727.305
3176,65377.99
3177,48067.02
3178,62834.812
3179,3739.1836
3180,25009.904
3181,53633.848
3182,47823.77
3183,66829.89
3184,77165.93
3185,74571.19
3186,43133.848
3187,73304.7
3188,63110.17
3189,19601.432
3190,8951.969
3191,37221.02
3192,67670.61
3193,63989.402
3194,4896.643
3195,74459.72
3196,51377.473
3197,42901.668
3198,6842.66
3199,25626.549
3200,9063.669
3201,69376.86
3202,83098.83
3203,15908.955
3204,72826.734
3205,45479.055
3206,37006.152
3207,23433.025
3208,18423.166
3209,19856.154
3210,68842.36
3211,15882.045
3212,32928.31
3213,54037.07
3214,64945.137
3215,65647.47
3216,69022.47
3217,29166.83
3218,34462.387
3219,12026.782
3220,24075.768
3221,31821.8
3222,36875.88
3223,55824.53
3224,76648.625
3225,88554.305
3226,28682.018
3227,90981.87
3228,34089.305
3229,13444.184
3230,79328.55
3231,70019.19
3232,39835.113
3233,87061.625
3234,8383.49
3235,51558.23
3236,31477.582
3237,52449.004
3238,73741.05
3239,76165.44
3240,54360.195
3241,48572.215
3242,56913.023
3243,52028.707
3244,99848.984
3245,14143.047
3246,2866.087
3247,22892.834
3248,40250.863
3249,34010.426
3250,74216.5
3251,8143.385
3252,78116.734
3253,48515.598
3254,9177.379
3255,55128.92
3256,28169.24
3257,43948.348
3258,91654.61
3259,34417.105
3260,47794.223
3261,34501.7
3262,10557.079
3263,76231.805
3264,77869.77
3265,90130.19
3266,71723.5
3267,41656.066
3268,24017.312
3269,48415.84
3270,44841.777
3271,38646.805
3272,34013.152
3273,92260.09
3274,11502.332
3275,66642.2
3276,50025.035
3277,6968.891
3278,25747.576
3279,85196.375
3280,49338.62
3281,19402.004
3282,61268.7
3283,41016.457
3284,54234.785
3285,34812.12
3286,84371.086
3287,10670.408
3288,40312.113
3289,73445.97
3290,24875.93
3291,40765.156
3292,133438.23
3293,8156.7017
3294,2362.352
3295,73899.914
3296,69396.92
3297,46606.12
3298,319.2686
3299,38084.438
3300,58611.24
3301,3027.8826
3302,28347.514
3303,64594.82
3304,97477.76
3305,75939.19
3306,3629.4307
3307,86821.64
3308,30808.355
3309,11693.922
3310,20235.307
3311,50113.0
3312,57127.91
3313,76240.414
3314,73493.61
3315,74450.2
3316,8540.776
3317,42708.05
3318,49009.855
3319,15454.117
3320,54879.785
3321,96045.61
3322,59344.062
3323,75095.17
3324,38799.207
3325,111149.5
3326,52325.367
3327,56835.316
3328,51240.17
3329,77507.89
3330,105128.625
3331,72024.016
3332,72879.02
3333,51495.95
3334,68476.59
3335,85146.17
3336,66973.39
3337,105416.52
3338,73874.734
3339,60597.695
3340,64878.652
3341,110858.72
3342,82106.67
3343,96805.72
3344,83181.72
3345,106010.44
3346,70351.95
3347,83541.0
3348,77460.36
3349,80316.12
3350,132899.92
3351,63400.527
3352,90532.02
3353,77367.016
3354,74591.47
3355,84482.16
3356,82495.266
3357,123966.89
3358,60484.473
3359,55012.676
3360,47845.395
3361,49747.62
3362,56127.42
3363,91204.71
3364,36413.75
3365,82670.695
3366,123550.19
3367,60042.3
3368,43682.53
3369,21689.584
3370,80764.766
3371,50954.715
3372,44046.38
3373,77830.11
3374,28881.338
3375,89659.75
3376,19466.295
3377,67077.98
3378,30817.986
3379,93352.12
3380,91957.94
3381,56789.387
3382,57969.95
3383,87823.51
3384,82334.58
3385,80353.16
3386,87301.12
3387,34099.285
3388,58996.348
3389,117238.06
3390,74904.64
3391,75511.94
3392,80997.516
3393,56834.715
3394,53549.43
3395,57988.445
3396,47494.25
3397,64204.6
3398,67148.41
3399,64617.414
3400,86968.74
3401,51442.137
